{
  "AXISBANK.NS": 13.158011,
  "BANKBARODA.NS": 6.145533,
  "BRITANNIA.NS": 60.972504,
  "COFORGE.NS": 55.24862,
  "COLPAL.NS": 47.84996,
  "FEDERALBNK.NS": 11.932028,
  "GODREJCP.NS": null,
  "HCLTECH.NS": 22.883514,
  "HDFCBANK.NS": 21.32297,
  "HINDUNILVR.NS": 51.810646,
  "ICICIBANK.NS": 20.490894,
  "IDFCFIRSTB.NS": 23.68421,
  "INDUSINDBK.NS": 8.539652,
  "INFY.NS": 21.835102,
  "ITC.NS": 26.520794,
  "KOTAKBANK.NS": 19.569807,
  "LTIM.NS": 27.24844,
  "MARICO.NS": 57.78496,
  "MCDOWELL-N.NS": null,
  "MPHASIS.NS": 26.246105,
  "NESTLEIND.NS": 78.13126,
  "OFSS.NS": 30.210907,
  "PERSISTENT.NS": 56.820583,
  "PNB.NS": 6.5894036,
  "SBIN.NS": 8.968174,
  "TATACONSUM.NS": 95.2551,
  "TCS.NS": 24.56915,
  "TECHM.NS": 30.95949,
  "VBL.NS": 69.94347,
  "WIPRO.NS": 20.042301
}